pond_id,treatment,period,doy,chla_10_30,tp,tp_flag,srp,srp_flag,tn,tn_flag,nox,nox_flag,nhx,nhx_flag
A,pulsed,BASE,142,29.99,NA,NA,NA,NA,NA,NA,NA,NA,NA,NA
B,pulsed,BASE,142,6.895833333,NA,NA,NA,NA,NA,NA,NA,NA,NA,NA
C,pulsed,BASE,142,1.560769231,NA,NA,NA,NA,NA,NA,NA,NA,NA,NA
D,reference,BASE,142,13.88125,NA,NA,NA,NA,NA,NA,NA,NA,NA,NA
E,reference,BASE,142,9.995454545,NA,NA,NA,NA,NA,NA,NA,NA,NA,NA
F,reference,BASE,142,2.23,NA,NA,NA,NA,NA,NA,NA,NA,NA,NA
A,pulsed,BASE,143,18.47428571,43.2,NA,3.9,b,0.2484,NA,0.042644,NA,NA,NA
B,pulsed,BASE,143,7.648,44.9,NA,3.9,b,0.068132,NA,0.03,b,NA,NA
C,pulsed,BASE,143,1.482222222,20,NA,3.9,b,0.25064,NA,0.23145,NA,NA,NA
D,reference,BASE,143,10.84631579,47.8,NA,3.9,b,0.38093,NA,0.28401,NA,NA,NA
E,reference,BASE,143,9.442916667,42.95,NA,3.9,b,0.47079,NA,0.33037,NA,NA,NA
F,reference,BASE,143,3.298,40.55,NA,3.9,b,0.2454,NA,0.1494,NA,NA,NA
A,pulsed,BASE,144,12.01882353,NA,NA,NA,NA,NA,NA,NA,NA,NA,NA
B,pulsed,BASE,144,7.403125,NA,NA,NA,NA,NA,NA,NA,NA,NA,NA
C,pulsed,BASE,144,1.571666667,NA,NA,NA,NA,NA,NA,NA,NA,NA,NA
D,reference,BASE,144,12.37,NA,NA,NA,NA,NA,NA,NA,NA,NA,NA
E,reference,BASE,144,8.243636364,NA,NA,NA,NA,NA,NA,NA,NA,NA,NA
F,reference,BASE,144,1.707857143,NA,NA,NA,NA,NA,NA,NA,NA,NA,NA
A,pulsed,BASE,145,10.96125,NA,NA,NA,NA,NA,NA,NA,NA,NA,NA
B,pulsed,BASE,145,7.27875,NA,NA,NA,NA,NA,NA,NA,NA,NA,NA
C,pulsed,BASE,145,1.59826087,NA,NA,NA,NA,NA,NA,NA,NA,NA,NA
D,reference,BASE,145,15.48823529,NA,NA,NA,NA,NA,NA,NA,NA,NA,NA
E,reference,BASE,145,31.17,NA,NA,NA,NA,NA,NA,NA,NA,NA,NA
F,reference,BASE,145,2.784117647,NA,NA,NA,NA,NA,NA,NA,NA,NA,NA
A,pulsed,BASE,146,10.4536,33.95,NA,3.9,b,0.427385,NA,0.03,b,NA,NA
B,pulsed,BASE,146,4.74,44.5,NA,3.9,b,0.45378,NA,0.0308735,NA,NA,NA
C,pulsed,BASE,146,1.967647059,23.3,NA,3.9,b,0.474225,NA,0.100478,NA,NA,NA
D,reference,BASE,146,16.68444444,39.75,NA,3.9,b,0.520765,NA,0.03,b,NA,NA
E,reference,BASE,146,31.34615385,36.95,NA,3.9,b,0.37553,NA,0.0470685,NA,NA,NA
F,reference,BASE,146,1.963333333,181.75,NA,3.9,b,0.48218,NA,0.142992,NA,NA,NA
A,pulsed,BASE,147,9.462727273,NA,NA,NA,NA,NA,NA,NA,NA,NA,NA
B,pulsed,BASE,147,6.009285714,NA,NA,NA,NA,NA,NA,NA,NA,NA,NA
C,pulsed,BASE,147,4.34125,NA,NA,NA,NA,NA,NA,NA,NA,NA,NA
D,reference,BASE,147,14.36461538,NA,NA,NA,NA,NA,NA,NA,NA,NA,NA
E,reference,BASE,147,30.835,NA,NA,NA,NA,NA,NA,NA,NA,NA,NA
F,reference,BASE,147,2.348,NA,NA,NA,NA,NA,NA,NA,NA,NA,NA
A,pulsed,BASE,148,7.549777778,31.5,NA,3.9,b,0.0483,NA,0.043632,NA,0.0012,b
B,pulsed,BASE,148,8.544,51.5,NA,3.9,b,0.218,NA,0.0807238,NA,0.0482,NA
C,pulsed,BASE,148,3.391,43.55,NA,3.9,b,0.2591,NA,0.152615,NA,0.0112,NA
D,reference,BASE,148,13.71967742,53.3,NA,3.9,b,0.3497,NA,0.03,b,0.0012,b
E,reference,BASE,148,30.985,55.25,NA,3.9,b,0.3681,NA,0.03,b,0.04945,NA
F,reference,BASE,148,2.974347826,26.85,NA,3.9,b,0.2366,NA,0.03,b,0.06005,NA
A,pulsed,BASE,149,8.080689655,NA,NA,NA,NA,NA,NA,NA,NA,NA,NA
B,pulsed,BASE,149,9.3928125,NA,NA,NA,NA,NA,NA,NA,NA,NA,NA
C,pulsed,BASE,149,3.338863636,NA,NA,NA,NA,NA,NA,NA,NA,NA,NA
D,reference,BASE,149,5.024047619,NA,NA,NA,NA,NA,NA,NA,NA,NA,NA
E,reference,BASE,149,24.60926829,NA,NA,NA,NA,NA,NA,NA,NA,NA,NA
F,reference,BASE,149,4.699038462,NA,NA,NA,NA,NA,NA,NA,NA,NA,NA
A,pulsed,BASE,150,4.912564103,40.5,NA,3.9,b,0.069543,NA,0.051769,NA,NA,NA
B,pulsed,BASE,150,4.486315789,35.35,NA,3.9,b,0.184895,NA,0.085191,NA,NA,NA
C,pulsed,BASE,150,1.569259259,16.7,NA,3.9,b,0.19649,NA,0.134935,NA,NA,NA
D,reference,BASE,150,1.906153846,19.75,NA,3.9,b,0.19081,NA,0.065634,NA,NA,NA
E,reference,BASE,150,4.106666667,25.5,NA,3.9,b,0.18952,NA,0.03,b,NA,NA
F,reference,BASE,150,1.743448276,23.55,NA,3.9,b,0.201115,NA,0.0510285,NA,NA,NA
A,pulsed,BASE,151,10.44571429,NA,NA,NA,NA,NA,NA,NA,NA,NA,NA
B,pulsed,BASE,151,4.731234818,NA,NA,NA,NA,NA,NA,NA,NA,NA,NA
C,pulsed,BASE,151,1.327777778,NA,NA,NA,NA,NA,NA,NA,NA,NA,NA
D,reference,BASE,151,1.370526316,NA,NA,NA,NA,NA,NA,NA,NA,NA,NA
E,reference,BASE,151,1.512121212,NA,NA,NA,NA,NA,NA,NA,NA,NA,NA
F,reference,BASE,151,1.125217391,NA,NA,NA,NA,NA,NA,NA,NA,NA,NA
A,pulsed,BASE,152,5.787735849,NA,NA,NA,NA,NA,NA,NA,NA,NA,NA
B,pulsed,BASE,152,4.976153846,NA,NA,NA,NA,NA,NA,NA,NA,NA,NA
C,pulsed,BASE,152,1.116363636,NA,NA,NA,NA,NA,NA,NA,NA,NA,NA
D,reference,BASE,152,1.150322581,NA,NA,NA,NA,NA,NA,NA,NA,NA,NA
E,reference,BASE,152,1.629615385,NA,NA,NA,NA,NA,NA,NA,NA,NA,NA
F,reference,BASE,152,2.666333333,NA,NA,NA,NA,NA,NA,NA,NA,NA,NA
A,pulsed,BASE,153,3.88875,234.45,NA,3.9,b,0.19521,NA,0.03,b,NA,NA
B,pulsed,BASE,153,5.389,34.3,NA,3.9,b,0.304,NA,0.0357605,NA,NA,NA
C,pulsed,BASE,153,1.381428571,39.05,NA,3.9,b,0.152535,NA,0.0750075,NA,NA,NA
D,reference,BASE,153,1.302,32.4,NA,3.9,b,0.1866,NA,0.0392365,NA,NA,NA
E,reference,BASE,153,1.829411765,21.85,NA,3.9,b,0.0964685,NA,0.0390415,NA,NA,NA
F,reference,BASE,153,1.998076923,24.15,NA,3.9,b,0.27589,NA,0.1,NA,NA,NA
A,pulsed,BASE,154,2.0325,NA,NA,NA,NA,NA,NA,NA,NA,NA,NA
B,pulsed,BASE,154,2.805185185,NA,NA,NA,NA,NA,NA,NA,NA,NA,NA
C,pulsed,BASE,154,0.829375,NA,NA,NA,NA,NA,NA,NA,NA,NA,NA
D,reference,BASE,154,1.0528125,NA,NA,NA,NA,NA,NA,NA,NA,NA,NA
E,reference,BASE,154,1.291891892,NA,NA,NA,NA,NA,NA,NA,NA,NA,NA
F,reference,BASE,154,2.6512,NA,NA,NA,NA,NA,NA,NA,NA,NA,NA
A,pulsed,BASE,155,2.627777778,23.75,NA,3.9,b,0.19158,NA,0.08038,NA,0.05675,NA
B,pulsed,BASE,155,1.795666667,48.75,NA,3.9,b,0.25356,NA,0.052263,NA,0.0552,NA
C,pulsed,BASE,155,0.8075,25.2,NA,3.9,b,0.29844,NA,0.0708495,NA,0.0572,NA
D,reference,BASE,155,1.151020408,26.1,NA,3.9,b,0.11208,NA,NA,NA,0.05375,NA
E,reference,BASE,155,1.725357143,30.4,NA,3.9,b,0.21492,NA,0.16279,NA,0.0602,NA
F,reference,BASE,155,1.87625,43.5,NA,3.9,b,0.2789,NA,0.03,b,0.0813,NA
A,pulsed,BASE,156,2.705277778,NA,NA,NA,NA,NA,NA,NA,NA,NA,NA
B,pulsed,BASE,156,1.8253125,NA,NA,NA,NA,NA,NA,NA,NA,NA,NA
C,pulsed,BASE,156,0.8546875,NA,NA,NA,NA,NA,NA,NA,NA,NA,NA
D,reference,BASE,156,1.123061224,NA,NA,NA,NA,NA,NA,NA,NA,NA,NA
E,reference,BASE,156,2.412972973,NA,NA,NA,NA,NA,NA,NA,NA,NA,NA
F,reference,BASE,156,2.49,NA,NA,NA,NA,NA,NA,NA,NA,NA,NA
A,pulsed,BASE,157,2.390576923,30.2,NA,3.9,b,0.307475,NA,0.0336375,NA,NA,NA
B,pulsed,BASE,157,1.014848485,34.85,NA,3.9,b,0.419075,NA,0.142006,NA,NA,NA
C,pulsed,BASE,157,0.897666667,22.05,NA,3.9,b,0.32722,NA,0.0582105,NA,NA,NA
D,reference,BASE,157,1.345,26.75,NA,3.9,b,0.336475,NA,0.1036385,NA,NA,NA
E,reference,BASE,157,2.689166667,25.35,NA,3.9,b,0.215955,NA,0.074227,NA,NA,NA
F,reference,BASE,157,1.6075,32.3,NA,3.9,b,0.47593,NA,0.20667,NA,NA,NA
A,pulsed,BASE,158,1.465238095,NA,NA,NA,NA,NA,NA,NA,NA,NA,NA
B,pulsed,BASE,158,1.0378125,NA,NA,NA,NA,NA,NA,NA,NA,NA,NA
C,pulsed,BASE,158,0.864347826,NA,NA,NA,NA,NA,NA,NA,NA,NA,NA
D,reference,BASE,158,1.867142857,NA,NA,NA,NA,NA,NA,NA,NA,NA,NA
E,reference,BASE,158,3.235588235,NA,NA,NA,NA,NA,NA,NA,NA,NA,NA
F,reference,BASE,158,2.911190476,NA,NA,NA,NA,NA,NA,NA,NA,NA,NA
A,pulsed,BASE,159,1.315185185,NA,NA,NA,NA,NA,NA,NA,NA,NA,NA
B,pulsed,BASE,159,1.0276,NA,NA,NA,NA,NA,NA,NA,NA,NA,NA
C,pulsed,BASE,159,1.0416,NA,NA,NA,NA,NA,NA,NA,NA,NA,NA
D,reference,BASE,159,1.2115625,NA,NA,NA,NA,NA,NA,NA,NA,NA,NA
E,reference,BASE,159,1.598,NA,NA,NA,NA,NA,NA,NA,NA,NA,NA
F,reference,BASE,159,1.4125,NA,NA,NA,NA,NA,NA,NA,NA,NA,NA
A,pulsed,BASE,160,1.688333333,28.3,NA,3.9,b,0.30486,NA,0.160735,NA,NA,NA
B,pulsed,BASE,160,1.171756757,29.75,NA,3.9,b,0.227695,NA,0.124625,NA,NA,NA
C,pulsed,BASE,160,1.55547619,23.3,NA,3.9,b,0.1975105,NA,0.1706055,NA,NA,NA
D,reference,BASE,160,1.324736842,33.25,NA,3.9,b,0.222515,NA,0.22512,NA,NA,NA
E,reference,BASE,160,2.07,28.6,NA,3.9,b,0.17527,NA,0.161965,NA,NA,NA
F,reference,BASE,160,1.885714286,29.85,NA,3.9,b,0.29276,NA,0.178395,NA,NA,NA
A,pulsed,BASE,161,2.006521739,NA,NA,NA,NA,NA,NA,NA,NA,NA,NA
B,pulsed,BASE,161,1.4195,NA,NA,NA,NA,NA,NA,NA,NA,NA,NA
C,pulsed,BASE,161,1.495777778,NA,NA,NA,NA,NA,NA,NA,NA,NA,NA
D,reference,BASE,161,2.018367347,NA,NA,NA,NA,NA,NA,NA,NA,NA,NA
E,reference,BASE,161,2.580192308,NA,NA,NA,NA,NA,NA,NA,NA,NA,NA
F,reference,BASE,161,2.923461538,NA,NA,NA,NA,NA,NA,NA,NA,NA,NA
A,pulsed,BASE,162,2.267346939,31.85,NA,3.9,b,0.269645,NA,0.05775,NA,0.056,NA
B,pulsed,BASE,162,1.92275,32.55,NA,3.9,b,0.318785,NA,0.125505,NA,0.0598,NA
C,pulsed,BASE,162,1.989111111,27.7,NA,3.9,b,0.29849,NA,0.04905,NA,0.0384,NA
D,reference,BASE,162,2.386785714,35.15,NA,4.75,NA,0.4356,NA,0.19645,NA,0.04905,NA
E,reference,BASE,162,2.851272727,37.85,NA,3.9,b,0.3423,NA,0.14798,NA,0.05955,NA
F,reference,BASE,162,4.404545455,37.65,NA,3.9,b,0.343975,NA,0.03,b,0.06635,NA
A,pulsed,BASE,163,2.068431373,NA,NA,NA,NA,NA,NA,NA,NA,NA,NA
B,pulsed,BASE,163,1.758823529,NA,NA,NA,NA,NA,NA,NA,NA,NA,NA
C,pulsed,BASE,163,1.293111111,NA,NA,NA,NA,NA,NA,NA,NA,NA,NA
D,reference,BASE,163,1.310416667,NA,NA,NA,NA,NA,NA,NA,NA,NA,NA
E,reference,BASE,163,1.882439024,NA,NA,NA,NA,NA,NA,NA,NA,NA,NA
F,reference,BASE,163,1.490789474,NA,NA,NA,NA,NA,NA,NA,NA,NA,NA
A,pulsed,BASE,164,2.362954545,37.65,NA,3.9,b,0.226775,NA,0.1974,NA,NA,NA
B,pulsed,BASE,164,2.091025641,52.95,NA,3.9,b,0.43178,NA,0.136645,NA,NA,NA
C,pulsed,BASE,164,1.688333333,25.15,NA,3.9,b,0.505695,NA,0.03,b,NA,NA
D,reference,BASE,164,1.27,34.5,NA,6.05,NA,0.498165,NA,0.1807,NA,NA,NA
E,reference,BASE,164,1.4625,29.95,NA,3.9,b,0.51737,NA,0.088015,NA,NA,NA
F,reference,BASE,164,1.189583333,41.7,NA,4,NA,0.49472,NA,0.150625,NA,NA,NA
A,pulsed,BASE,165,3.023125,NA,NA,NA,NA,NA,NA,NA,NA,NA,NA
B,pulsed,BASE,165,1.626071429,NA,NA,NA,NA,NA,NA,NA,NA,NA,NA
C,pulsed,BASE,165,2.111764706,NA,NA,NA,NA,NA,NA,NA,NA,NA,NA
D,reference,BASE,165,1.715416667,NA,NA,NA,NA,NA,NA,NA,NA,NA,NA
E,reference,BASE,165,1.689166667,NA,NA,NA,NA,NA,NA,NA,NA,NA,NA
F,reference,BASE,165,1.5704,NA,NA,NA,NA,NA,NA,NA,NA,NA,NA
A,pulsed,BASE,166,2.4845,NA,NA,NA,NA,NA,NA,NA,NA,NA,NA
B,pulsed,BASE,166,1.717368421,NA,NA,NA,NA,NA,NA,NA,NA,NA,NA
C,pulsed,BASE,166,1.448125,NA,NA,NA,NA,NA,NA,NA,NA,NA,NA
D,reference,BASE,166,1.683428571,NA,NA,NA,NA,NA,NA,NA,NA,NA,NA
E,reference,BASE,166,1.765454545,NA,NA,NA,NA,NA,NA,NA,NA,NA,NA
F,reference,BASE,166,1.166818182,NA,NA,NA,NA,NA,NA,NA,NA,NA,NA
A,pulsed,BASE,167,3.525,42.5,NA,4.2,NA,0.25586,NA,0.180085,NA,NA,NA
B,pulsed,BASE,167,2.1759375,27.1,NA,3.9,b,0.22832,NA,0.21877,NA,NA,NA
C,pulsed,BASE,167,1.903035714,23.55,NA,3.9,b,0.17398,NA,0.133875,NA,NA,NA
D,reference,BASE,167,1.382916667,38.45,NA,8.65,NA,0.31178,NA,0.0832,NA,NA,NA
E,reference,BASE,167,1.241428571,37.75,NA,4.55,NA,0.0880875,NA,0.131825,NA,NA,NA
F,reference,BASE,167,1.094375,35.9,NA,4.45,NA,0.1697015,NA,0.17101,NA,NA,NA
A,pulsed,BASE,168,4.184848485,NA,NA,NA,NA,NA,NA,NA,NA,NA,NA
B,pulsed,BASE,168,1.912173913,NA,NA,NA,NA,NA,NA,NA,NA,NA,NA
C,pulsed,BASE,168,1.787333333,NA,NA,NA,NA,NA,NA,NA,NA,NA,NA
D,reference,BASE,168,1.835063291,NA,NA,NA,NA,NA,NA,NA,NA,NA,NA
E,reference,BASE,168,1.585952381,NA,NA,NA,NA,NA,NA,NA,NA,NA,NA
F,reference,BASE,168,1.143488372,NA,NA,NA,NA,NA,NA,NA,NA,NA,NA
A,pulsed,BASE,169,3.956326531,NA,NA,3.9,b,0.42235,NA,0.20842,NA,0.0012,b
B,pulsed,BASE,169,1.814222222,NA,NA,3.9,b,0.473505,NA,0.181835,NA,0.00435,NA
C,pulsed,BASE,169,1.507,NA,NA,3.9,b,0.48582,NA,0.06975,NA,1.20E-03,b
D,reference,BASE,169,1.608095238,NA,NA,6.2,NA,0.615215,NA,0.12176,NA,0.0027,NA
E,reference,BASE,169,2.001388889,NA,NA,4.9,NA,0.65208,NA,0.091285,NA,1.20E-03,b
F,reference,BASE,169,1.133793103,NA,NA,3.9,b,0.513635,NA,0.254815,NA,0.01175,NA
A,pulsed,BASE,170,3.817619048,NA,NA,NA,NA,NA,NA,NA,NA,NA,NA
B,pulsed,BASE,170,2.158787879,NA,NA,NA,NA,NA,NA,NA,NA,NA,NA
C,pulsed,BASE,170,1.553111111,NA,NA,NA,NA,NA,NA,NA,NA,NA,NA
D,reference,BASE,170,3.17983871,NA,NA,NA,NA,NA,NA,NA,NA,NA,NA
E,reference,BASE,170,3.431333333,NA,NA,NA,NA,NA,NA,NA,NA,NA,NA
F,reference,BASE,170,2.402285714,NA,NA,NA,NA,NA,NA,NA,NA,NA,NA
A,pulsed,BASE,171,8.787837838,40.2,NA,3.9,b,0.212545,NA,0.03,b,NA,NA
B,pulsed,BASE,171,2.34027027,29.8,NA,3.9,b,0.160687,NA,0.045202,NA,NA,NA
C,pulsed,BASE,171,0.9945,20.3,NA,3.9,b,0.157955,NA,0.03,b,NA,NA
D,reference,BASE,171,5.608888889,43.45,NA,4.45,NA,0.25529,NA,0.03,b,NA,NA
E,reference,BASE,171,3.190769231,42.5,NA,6.7,NA,0.26938,NA,0.1084785,NA,NA,NA
F,reference,BASE,171,3.91,40.8,NA,4.05,NA,0.175025,NA,0.078732,NA,NA,NA
A,pulsed,BASE,172,15.66086957,NA,NA,NA,NA,NA,NA,NA,NA,NA,NA
B,pulsed,BASE,172,1.962105263,NA,NA,NA,NA,NA,NA,NA,NA,NA,NA
C,pulsed,BASE,172,1.077391304,NA,NA,NA,NA,NA,NA,NA,NA,NA,NA
D,reference,BASE,172,5.55375,NA,NA,NA,NA,NA,NA,NA,NA,NA,NA
E,reference,BASE,172,10.23133333,NA,NA,NA,NA,NA,NA,NA,NA,NA,NA
F,reference,BASE,172,12.2109375,NA,NA,NA,NA,NA,NA,NA,NA,NA,NA
A,pulsed,BASE,173,5.964285714,NA,NA,NA,NA,NA,NA,NA,NA,NA,NA
B,pulsed,BASE,173,1.655416667,NA,NA,NA,NA,NA,NA,NA,NA,NA,NA
C,pulsed,BASE,173,1.316666667,NA,NA,NA,NA,NA,NA,NA,NA,NA,NA
D,reference,BASE,173,6.297916667,NA,NA,NA,NA,NA,NA,NA,NA,NA,NA
E,reference,BASE,173,4.047142857,NA,NA,NA,NA,NA,NA,NA,NA,NA,NA
F,reference,BASE,173,3.728181818,NA,NA,NA,NA,NA,NA,NA,NA,NA,NA
A,pulsed,BASE,174,5.303125,37.4,NA,3.9,b,0.13582,NA,0.131715,NA,NA,NA
B,pulsed,BASE,174,2.02030303,29.2,NA,3.9,b,0.364065,NA,0.223295,NA,NA,NA
C,pulsed,BASE,174,1.09862069,26.9,NA,3.9,b,0.24622,NA,0.238355,NA,NA,NA
D,reference,BASE,174,5.658695652,54,NA,10.75,NA,0.24595,NA,0.109315,NA,NA,NA
E,reference,BASE,174,3.082857143,68.4,NA,12.2,NA,0.33068,NA,0.19829,NA,NA,NA
F,reference,BASE,174,8.512093023,49.35,NA,4.05,NA,0.2327,NA,0.04675,NA,NA,NA
A,pulsed,BASE,175,5.980357143,41.6,NA,3.9,b,0.27924,NA,0.070822,NA,NA,NA
B,pulsed,BASE,175,1.169210526,24.4,NA,3.9,b,0.280205,NA,0.086029,NA,NA,NA
C,pulsed,BASE,175,0.595833333,21.3,NA,3.9,b,0.240485,NA,0.1,NA,NA,NA
D,reference,BASE,175,3.436,53.3,NA,12.2,NA,0.29905,NA,0.03,b,NA,NA
E,reference,BASE,175,1.676315789,49.55,NA,14.95,NA,0.37574,NA,0.03,b,NA,NA
F,reference,BASE,175,1.860555556,42.25,NA,8.2,NA,0.27514,NA,0.03,b,NA,NA
A,pulsed,PULSE1,176,6.0108,48.95,NA,5.9,NA,0.290575,NA,0.244595,NA,0.0012,b
B,pulsed,PULSE1,176,1.034193548,23.85,NA,3.9,b,0.38354,NA,0.14386,NA,0.0053,NA
C,pulsed,PULSE1,176,0.730909091,61.9,NA,3.9,b,0.35315,NA,0.120063,NA,0.00325,NA
D,reference,PULSE1,176,3.99375,52.45,NA,11.75,NA,0.454735,NA,0.138795,NA,0.0012,b
E,reference,PULSE1,176,1.899444444,49.85,NA,14.6,NA,0.39483,NA,0.11305,NA,0.0053,NA
F,reference,PULSE1,176,2.530357143,48.65,NA,8.4,NA,0.401775,NA,0.050831,NA,0.0012,b
A,pulsed,PULSE1,177,8.395263158,42.25,NA,3.9,b,0.424785,NA,0.03,b,NA,NA
B,pulsed,PULSE1,177,1.111666667,24.85,NA,3.9,b,0.350015,NA,0.03,b,NA,NA
C,pulsed,PULSE1,177,0.691666667,19.15,NA,3.9,b,0.410105,NA,0.1259,NA,NA,NA
D,reference,PULSE1,177,6.119361702,45.9,NA,5.5,NA,0.439745,NA,0.0818,NA,NA,NA
E,reference,PULSE1,177,2.0145,47.85,NA,12.2,NA,0.438745,NA,0.079145,NA,NA,NA
F,reference,PULSE1,177,3.392631579,41.75,NA,4.4,NA,0.591835,NA,0.03,b,NA,NA
A,pulsed,PULSE1,178,9.106666667,27.95,NA,3.9,b,0.17579,NA,0.03,b,NA,NA
B,pulsed,PULSE1,178,2.37875,27.6,NA,3.9,b,0.30683,NA,0.0947515,NA,NA,NA
C,pulsed,PULSE1,178,1.153333333,24.2,NA,3.9,b,0.189075,NA,0.1098595,NA,NA,NA
D,reference,PULSE1,178,6.335,56.25,NA,5.95,NA,0.553345,NA,0.03,b,NA,NA
E,reference,PULSE1,178,4.308571429,78.2,NA,27.25,NA,0.33907,NA,0.0525395,NA,NA,NA
F,reference,PULSE1,178,5.072,58.15,NA,5.4,NA,0.339415,NA,0.08355,NA,NA,NA
A,pulsed,PULSE1,179,7.096538462,NA,NA,NA,NA,NA,NA,NA,NA,NA,NA
B,pulsed,PULSE1,179,2.420689655,NA,NA,NA,NA,NA,NA,NA,NA,NA,NA
C,pulsed,PULSE1,179,0.9475,NA,NA,NA,NA,NA,NA,NA,NA,NA,NA
D,reference,PULSE1,179,4.973333333,NA,NA,NA,NA,NA,NA,NA,NA,NA,NA
E,reference,PULSE1,179,3.239583333,NA,NA,NA,NA,NA,NA,NA,NA,NA,NA
F,reference,PULSE1,179,2.720689655,NA,NA,NA,NA,NA,NA,NA,NA,NA,NA
A,pulsed,PULSE1,180,5.946153846,NA,NA,NA,NA,NA,NA,NA,NA,NA,NA
B,pulsed,PULSE1,180,2.466428571,NA,NA,NA,NA,NA,NA,NA,NA,NA,NA
C,pulsed,PULSE1,180,0.933333333,NA,NA,NA,NA,NA,NA,NA,NA,NA,NA
D,reference,PULSE1,180,5.4628125,NA,NA,NA,NA,NA,NA,NA,NA,NA,NA
E,reference,PULSE1,180,5.446333333,NA,NA,NA,NA,NA,NA,NA,NA,NA,NA
F,reference,PULSE1,180,7.78,NA,NA,NA,NA,NA,NA,NA,NA,NA,NA
A,pulsed,PULSE1,181,10.06,50.65,NA,3.9,b,0.30243,NA,0.06865,NA,NA,NA
B,pulsed,PULSE1,181,2.005,28.65,NA,3.9,b,0.42055,NA,0.14873,NA,NA,NA
C,pulsed,PULSE1,181,0.630285714,22.65,NA,3.9,b,0.25665,NA,0.07615,NA,NA,NA
D,reference,PULSE1,181,5.21037037,45.55,NA,4.7,NA,0.286835,NA,0.198005,NA,NA,NA
E,reference,PULSE1,181,4.16875,53.6,NA,9,NA,0.35879,NA,0.24176,NA,NA,NA
F,reference,PULSE1,181,7.937586207,46.95,NA,3.9,b,0.347675,NA,0.0531,NA,NA,NA
A,pulsed,PULSE1,182,5.356451613,NA,NA,NA,NA,NA,NA,NA,NA,NA,NA
B,pulsed,PULSE1,182,1.736428571,NA,NA,NA,NA,NA,NA,NA,NA,NA,NA
C,pulsed,PULSE1,182,0.820625,NA,NA,NA,NA,NA,NA,NA,NA,NA,NA
D,reference,PULSE1,182,6.282972973,NA,NA,NA,NA,NA,NA,NA,NA,NA,NA
E,reference,PULSE1,182,4.643181818,NA,NA,NA,NA,NA,NA,NA,NA,NA,NA
F,reference,PULSE1,182,3.102857143,NA,NA,NA,NA,NA,NA,NA,NA,NA,NA
A,pulsed,PULSE1,183,7.93,47.9,NA,3.9,b,0.42773,NA,0.03,b,0.00965,NA
B,pulsed,PULSE1,183,2.036285714,28.75,NA,3.9,b,0.47403,NA,0.03,b,0.06175,NA
C,pulsed,PULSE1,183,0.771666667,19.8,NA,3.9,b,0.356625,NA,0.039622,NA,0.002,NA
D,reference,PULSE1,183,6.102727273,53.85,NA,10.15,NA,0.564345,NA,0.036323,NA,0.0012,b
E,reference,PULSE1,183,6.059230769,59.65,NA,13.3,NA,0.52511,NA,0.03,b,0.00435,NA
F,reference,PULSE1,183,10.43418605,59.4,NA,4.95,NA,0.554355,NA,0.073733,NA,0.0012,b
A,pulsed,PULSE1,184,5.36125,NA,NA,NA,NA,NA,NA,NA,NA,NA,NA
B,pulsed,PULSE1,184,2.574444444,NA,NA,NA,NA,NA,NA,NA,NA,NA,NA
C,pulsed,PULSE1,184,0.743333333,NA,NA,NA,NA,NA,NA,NA,NA,NA,NA
D,reference,PULSE1,184,5.28,NA,NA,NA,NA,NA,NA,NA,NA,NA,NA
E,reference,PULSE1,184,2.142692308,NA,NA,NA,NA,NA,NA,NA,NA,NA,NA
F,reference,PULSE1,184,2.857368421,NA,NA,NA,NA,NA,NA,NA,NA,NA,NA
A,pulsed,PULSE1,185,7.179565217,49.25,NA,3.9,b,0.47162,NA,0.20554,NA,NA,NA
B,pulsed,PULSE1,185,3.07,33.7,NA,3.9,b,0.43287,NA,0.15227,NA,NA,NA
C,pulsed,PULSE1,185,0.923888889,26.55,NA,3.9,b,0.48231,NA,0.15586,NA,NA,NA
D,reference,PULSE1,185,3.389230769,42,NA,6.05,NA,0.556035,NA,0.17312,NA,NA,NA
E,reference,PULSE1,185,2.472222222,47.7,NA,11.6,NA,0.444575,NA,0.16963,NA,NA,NA
F,reference,PULSE1,185,2.511,41.1,NA,3.9,b,0.58636,NA,0.0456,NA,NA,NA
A,pulsed,PULSE1,186,4.840322581,NA,NA,NA,NA,NA,NA,NA,NA,NA,NA
B,pulsed,PULSE1,186,2.023703704,NA,NA,NA,NA,NA,NA,NA,NA,NA,NA
C,pulsed,PULSE1,186,0.897741935,NA,NA,NA,NA,NA,NA,NA,NA,NA,NA
D,reference,PULSE1,186,3.572666667,NA,NA,NA,NA,NA,NA,NA,NA,NA,NA
E,reference,PULSE1,186,2.108148148,NA,NA,NA,NA,NA,NA,NA,NA,NA,NA
F,reference,PULSE1,186,3.833225806,NA,NA,NA,NA,NA,NA,NA,NA,NA,NA
A,pulsed,PULSE1,187,4.5912,NA,NA,NA,NA,NA,NA,NA,NA,NA,NA
B,pulsed,PULSE1,187,2.691923077,NA,NA,NA,NA,NA,NA,NA,NA,NA,NA
C,pulsed,PULSE1,187,0.8036,NA,NA,NA,NA,NA,NA,NA,NA,NA,NA
D,reference,PULSE1,187,3.174285714,NA,NA,NA,NA,NA,NA,NA,NA,NA,NA
E,reference,PULSE1,187,2.826315789,NA,NA,NA,NA,NA,NA,NA,NA,NA,NA
F,reference,PULSE1,187,3.3896875,NA,NA,NA,NA,NA,NA,NA,NA,NA,NA
A,pulsed,PULSE1,188,7.995384615,55.9,NA,3.9,b,0.41786,NA,0.121505,NA,NA,NA
B,pulsed,PULSE1,188,3.85173913,30.6,NA,3.9,b,0.354615,NA,0.0998,NA,NA,NA
C,pulsed,PULSE1,188,1.497916667,42.1,NA,3.9,b,0.2453,NA,0.23831,NA,NA,NA
D,reference,PULSE1,188,2.501081081,40.85,NA,5.9,NA,0.19281,NA,0.17918,NA,NA,NA
E,reference,PULSE1,188,4.282777778,53.45,NA,10.35,NA,0.207615,NA,0.18456,NA,NA,NA
F,reference,PULSE1,188,3.358947368,53.5,NA,3.9,b,0.44337,NA,0.209445,NA,NA,NA
A,pulsed,PULSE1,189,11.23277778,NA,NA,NA,NA,NA,NA,NA,NA,NA,NA
B,pulsed,PULSE1,189,3.237045455,NA,NA,NA,NA,NA,NA,NA,NA,NA,NA
C,pulsed,PULSE1,189,1.48225,NA,NA,NA,NA,NA,NA,NA,NA,NA,NA
D,reference,PULSE1,189,2.471428571,NA,NA,NA,NA,NA,NA,NA,NA,NA,NA
E,reference,PULSE1,189,4.3025,NA,NA,NA,NA,NA,NA,NA,NA,NA,NA
F,reference,PULSE1,189,4.677692308,NA,NA,NA,NA,NA,NA,NA,NA,NA,NA
A,pulsed,PULSE1,190,8.361538462,77.05,NA,3.9,b,0.694305,NA,0.2578,NA,0.0085,NA
B,pulsed,PULSE1,190,2.969310345,34.55,NA,3.9,b,0.5467,NA,0.16694,NA,0.0065,NA
C,pulsed,PULSE1,190,1.962307692,31.15,NA,3.9,b,0.672785,NA,0.12295,NA,0.00725,NA
D,reference,PULSE1,190,1.9,44,NA,6.4,NA,0.658815,NA,0.0624,NA,0.0013,NA
E,reference,PULSE1,190,4.127826087,54.65,NA,11.7,NA,0.64178,NA,0.0965,NA,0.00585,NA
F,reference,PULSE1,190,6.8795,63.05,NA,3.95,NA,0.333705,NA,0.03,b,0.0012,b
A,pulsed,PULSE1,191,12.5816,NA,NA,NA,NA,NA,NA,NA,NA,NA,NA
B,pulsed,PULSE1,191,3.793703704,NA,NA,NA,NA,NA,NA,NA,NA,NA,NA
C,pulsed,PULSE1,191,1.957647059,NA,NA,NA,NA,NA,NA,NA,NA,NA,NA
D,reference,PULSE1,191,2.00625,NA,NA,NA,NA,NA,NA,NA,NA,NA,NA
E,reference,PULSE1,191,5.8876,NA,NA,NA,NA,NA,NA,NA,NA,NA,NA
F,reference,PULSE1,191,7.369354839,NA,NA,NA,NA,NA,NA,NA,NA,NA,NA
A,pulsed,PULSE1,192,18.64605263,129.8,NA,3.9,b,0.27313,NA,0.22823,NA,NA,NA
B,pulsed,PULSE1,192,4.6464,35.75,NA,3.9,b,0.20601,NA,0.17808,NA,NA,NA
C,pulsed,PULSE1,192,2.1932,46.35,NA,3.9,b,0.309985,NA,0.157065,NA,NA,NA
D,reference,PULSE1,192,2.258947368,93.4,NA,13.1,NA,0.1219305,NA,0.0332,NA,NA,NA
E,reference,PULSE1,192,6.375416667,73.55,NA,15.2,NA,0.18841,NA,0.0516,NA,NA,NA
F,reference,PULSE1,192,3.83875,65,NA,3.9,b,0.191425,NA,0.10966,NA,NA,NA
A,pulsed,PULSE1,193,6.131818182,NA,NA,NA,NA,NA,NA,NA,NA,NA,NA
B,pulsed,PULSE1,193,4.383076923,NA,NA,NA,NA,NA,NA,NA,NA,NA,NA
C,pulsed,PULSE1,193,1.310833333,NA,NA,NA,NA,NA,NA,NA,NA,NA,NA
D,reference,PULSE1,193,1.52,NA,NA,NA,NA,NA,NA,NA,NA,NA,NA
E,reference,PULSE1,193,2.2275,NA,NA,NA,NA,NA,NA,NA,NA,NA,NA
F,reference,PULSE1,193,1.984285714,NA,NA,NA,NA,NA,NA,NA,NA,NA,NA
A,pulsed,PULSE1,194,28.29894737,NA,NA,NA,NA,NA,NA,NA,NA,NA,NA
B,pulsed,PULSE1,194,6.067368421,NA,NA,NA,NA,NA,NA,NA,NA,NA,NA
C,pulsed,PULSE1,194,2.195384615,NA,NA,NA,NA,NA,NA,NA,NA,NA,NA
D,reference,PULSE1,194,1.719565217,NA,NA,NA,NA,NA,NA,NA,NA,NA,NA
E,reference,PULSE1,194,3.854285714,NA,NA,NA,NA,NA,NA,NA,NA,NA,NA
F,reference,PULSE1,194,1.810588235,NA,NA,NA,NA,NA,NA,NA,NA,NA,NA
A,pulsed,PULSE1,195,23.07777778,152.85,NA,4.25,NA,0.58084,NA,0.237585,NA,NA,NA
B,pulsed,PULSE1,195,4.632608696,41.65,NA,3.9,b,0.39267,NA,0.222985,NA,NA,NA
C,pulsed,PULSE1,195,1.116,33.4,NA,3.9,b,0.38198,NA,0.200365,NA,NA,NA
D,reference,PULSE1,195,1.551666667,51.1,NA,6.7,NA,0.398345,NA,0.227935,NA,NA,NA
E,reference,PULSE1,195,4.184642857,57.5,NA,9.1,NA,0.446365,NA,0.34921,NA,NA,NA
F,reference,PULSE1,195,1.629130435,47,NA,3.9,b,0.45091,NA,0.19432,NA,NA,NA
A,pulsed,PULSE1,196,16.09416667,NA,NA,NA,NA,NA,NA,NA,NA,NA,NA
B,pulsed,PULSE1,196,7.14125,NA,NA,NA,NA,NA,NA,NA,NA,NA,NA
C,pulsed,PULSE1,196,2.003,NA,NA,NA,NA,NA,NA,NA,NA,NA,NA
D,reference,PULSE1,196,1.685625,NA,NA,NA,NA,NA,NA,NA,NA,NA,NA
E,reference,PULSE1,196,4.083333333,NA,NA,NA,NA,NA,NA,NA,NA,NA,NA
F,reference,PULSE1,196,1.339333333,NA,NA,NA,NA,NA,NA,NA,NA,NA,NA
A,pulsed,PULSE1,197,19.05238095,144.1,NA,3.9,b,0.5177,NA,0.119805,NA,0.00845,NA
B,pulsed,PULSE1,197,5.399565217,44.45,NA,3.9,b,0.2864,NA,0.1137315,NA,0.0012,b
C,pulsed,PULSE1,197,2.953333333,36.7,NA,3.9,b,0.3258,NA,0.0489448,NA,0.0038,NA
D,reference,PULSE1,197,1.549166667,49.7,NA,5.2,NA,0.2638,NA,0.11429,NA,0.00605,NA
E,reference,PULSE1,197,2.398125,51.5,NA,8.15,NA,0.292,NA,0.104832,NA,0.0077,NA
F,reference,PULSE1,197,1.828695652,44.4,NA,3.9,b,0.3552,NA,0.03,b,0.02495,NA
A,pulsed,PULSE1,198,48.8737037,NA,NA,NA,NA,NA,NA,NA,NA,NA,NA
B,pulsed,PULSE1,198,7.5572,NA,NA,NA,NA,NA,NA,NA,NA,NA,NA
C,pulsed,PULSE1,198,1.85,NA,NA,NA,NA,NA,NA,NA,NA,NA,NA
D,reference,PULSE1,198,7.172972973,NA,NA,NA,NA,NA,NA,NA,NA,NA,NA
E,reference,PULSE1,198,1.77,NA,NA,NA,NA,NA,NA,NA,NA,NA,NA
F,reference,PULSE1,198,1.093666667,NA,NA,NA,NA,NA,NA,NA,NA,NA,NA
A,pulsed,PULSE1,199,25.58904762,134.35,NA,3.9,b,0.38733,NA,0.1476,NA,NA,NA
B,pulsed,PULSE1,199,3.558947368,35,NA,3.9,b,0.236695,NA,0.159885,NA,NA,NA
C,pulsed,PULSE1,199,1.271111111,37.1,NA,3.9,b,0.249375,NA,0.081065,NA,NA,NA
D,reference,PULSE1,199,0.992352941,42.2,NA,3.9,b,0.24845,NA,0.0446,NA,NA,NA
E,reference,PULSE1,199,1.372777778,53.85,NA,7.4,NA,0.24674,NA,0.0511,NA,NA,NA
F,reference,PULSE1,199,1.658181818,40.8,NA,3.9,b,0.285025,NA,0.16789,NA,NA,NA
A,pulsed,PULSE1,200,17.89314286,NA,NA,NA,NA,NA,NA,NA,NA,NA,NA
B,pulsed,PULSE1,200,4.490166667,NA,NA,NA,NA,NA,NA,NA,NA,NA,NA
C,pulsed,PULSE1,200,1.372790698,NA,NA,NA,NA,NA,NA,NA,NA,NA,NA
D,reference,PULSE1,200,2.1834,NA,NA,NA,NA,NA,NA,NA,NA,NA,NA
E,reference,PULSE1,200,2.343333333,NA,NA,NA,NA,NA,NA,NA,NA,NA,NA
F,reference,PULSE1,200,1.235357143,NA,NA,NA,NA,NA,NA,NA,NA,NA,NA
A,pulsed,PULSE1,201,6.418333333,NA,NA,NA,NA,NA,NA,NA,NA,NA,NA
B,pulsed,PULSE1,201,3.73,NA,NA,NA,NA,NA,NA,NA,NA,NA,NA
C,pulsed,PULSE1,201,1.7715,NA,NA,NA,NA,NA,NA,NA,NA,NA,NA
D,reference,PULSE1,201,1.517142857,NA,NA,NA,NA,NA,NA,NA,NA,NA,NA
E,reference,PULSE1,201,1.425555556,NA,NA,NA,NA,NA,NA,NA,NA,NA,NA
F,reference,PULSE1,201,1.205945946,NA,NA,NA,NA,NA,NA,NA,NA,NA,NA
A,pulsed,PULSE1,202,18.32375,140.2,NA,4.25,NA,0.860925,NA,0.197735,NA,NA,NA
B,pulsed,PULSE1,202,2.425384615,32.2,NA,3.9,b,0.42419,NA,0.150745,NA,NA,NA
C,pulsed,PULSE1,202,1.821428571,35.15,NA,3.9,b,0.578165,NA,0.10334,NA,NA,NA
D,reference,PULSE1,202,1.370714286,40.65,NA,3.9,b,0.397185,NA,0.142505,NA,NA,NA
E,reference,PULSE1,202,1.436153846,56.9,NA,22.75,NA,0.16022,NA,0.13184,NA,NA,NA
F,reference,PULSE1,202,1.617619048,40.45,NA,5.3,NA,0.412525,NA,0.262875,NA,NA,NA
A,pulsed,PULSE1,203,25.259,NA,NA,NA,NA,NA,NA,NA,NA,NA,NA
B,pulsed,PULSE1,203,3.318333333,NA,NA,NA,NA,NA,NA,NA,NA,NA,NA
C,pulsed,PULSE1,203,1.682941176,NA,NA,NA,NA,NA,NA,NA,NA,NA,NA
D,reference,PULSE1,203,1.456315789,NA,NA,NA,NA,NA,NA,NA,NA,NA,NA
E,reference,PULSE1,203,1.825714286,NA,NA,NA,NA,NA,NA,NA,NA,NA,NA
F,reference,PULSE1,203,1.646923077,NA,NA,NA,NA,NA,NA,NA,NA,NA,NA
A,pulsed,PULSE1,204,11.85294118,169.75,NA,3.9,b,0.8262,NA,0.121285,NA,0.02395,NA
B,pulsed,PULSE1,204,5.47625,46.5,NA,3.9,b,0.334,NA,0.1080595,NA,0.02385,NA
C,pulsed,PULSE1,204,1.734545455,53.4,NA,3.9,b,0.3346,NA,0.09132095,NA,0.0239,NA
D,reference,PULSE1,204,1.073902439,52.45,NA,5.95,NA,0.4664,NA,0.167565,NA,0.0177,NA
E,reference,PULSE1,204,2.443636364,51.95,NA,6.95,NA,0.3191,NA,0.0830475,NA,0.01615,NA
F,reference,PULSE1,204,3.851428571,44.1,NA,3.9,b,0.3631,NA,0.046476,NA,0.01855,NA
A,pulsed,PULSE1,205,12.52882353,NA,NA,NA,NA,NA,NA,NA,NA,NA,NA
B,pulsed,PULSE1,205,2.926,NA,NA,NA,NA,NA,NA,NA,NA,NA,NA
C,pulsed,PULSE1,205,1.463333333,NA,NA,NA,NA,NA,NA,NA,NA,NA,NA
D,reference,PULSE1,205,1.231052632,NA,NA,NA,NA,NA,NA,NA,NA,NA,NA
E,reference,PULSE1,205,1.588125,NA,NA,NA,NA,NA,NA,NA,NA,NA,NA
F,reference,PULSE1,205,2.52875,NA,NA,NA,NA,NA,NA,NA,NA,NA,NA
A,pulsed,PULSE1,206,9.212142857,93.35,NA,3.9,b,0.77441,NA,0.135805,NA,NA,NA
B,pulsed,PULSE1,206,4.502142857,45.15,NA,3.9,b,0.635875,NA,0.273235,NA,NA,NA
C,pulsed,PULSE1,206,2.225909091,42.45,NA,3.9,b,0.4523,NA,0.229505,NA,NA,NA
D,reference,PULSE1,206,1.652051282,58,NA,5.1,NA,0.28673,NA,0.15321,NA,NA,NA
E,reference,PULSE1,206,2.764,47.05,NA,5.05,NA,0.270995,NA,0.22661,NA,NA,NA
F,reference,PULSE1,206,2.985714286,55.85,NA,3.9,b,0.29182,NA,0.18659,NA,NA,NA
A,pulsed,PULSE1,207,11.69882353,NA,NA,NA,NA,NA,NA,NA,NA,NA,NA
B,pulsed,PULSE1,207,3.861818182,NA,NA,NA,NA,NA,NA,NA,NA,NA,NA
C,pulsed,PULSE1,207,1.166111111,NA,NA,NA,NA,NA,NA,NA,NA,NA,NA
D,reference,PULSE1,207,2.27,NA,NA,NA,NA,NA,NA,NA,NA,NA,NA
E,reference,PULSE1,207,2.660454545,NA,NA,NA,NA,NA,NA,NA,NA,NA,NA
F,reference,PULSE1,207,3.671578947,NA,NA,NA,NA,NA,NA,NA,NA,NA,NA
A,pulsed,PULSE1,208,9.950526316,NA,NA,NA,NA,NA,NA,NA,NA,NA,NA
B,pulsed,PULSE1,208,4.32,NA,NA,NA,NA,NA,NA,NA,NA,NA,NA
C,pulsed,PULSE1,208,1.816666667,NA,NA,NA,NA,NA,NA,NA,NA,NA,NA
D,reference,PULSE1,208,1.4965,NA,NA,NA,NA,NA,NA,NA,NA,NA,NA
E,reference,PULSE1,208,3.2176,NA,NA,NA,NA,NA,NA,NA,NA,NA,NA
F,reference,PULSE1,208,4.1865,NA,NA,NA,NA,NA,NA,NA,NA,NA,NA
A,pulsed,PULSE1,209,11.45608696,92.85,NA,3.9,b,0.788245,NA,0.303715,NA,NA,NA
B,pulsed,PULSE1,209,4.498461538,47.5,NA,3.9,b,0.412085,NA,0.222305,NA,NA,NA
C,pulsed,PULSE1,209,1.745384615,44.6,NA,3.9,b,0.600335,NA,0.21242,NA,NA,NA
D,reference,PULSE1,209,1.512727273,276.55,NA,3.9,b,0.56365,NA,0.260605,NA,NA,NA
E,reference,PULSE1,209,2.849166667,52.95,NA,6.9,NA,0.30966,NA,0.305815,NA,NA,NA
F,reference,PULSE1,209,3.671,53.15,NA,3.9,b,0.55414,NA,0.21432,NA,NA,NA
A,pulsed,PULSE1,210,6.784285714,85.7,NA,3.9,b,0.5307,NA,0.036837,NA,NA,NA
B,pulsed,PULSE1,210,3.153076923,58.15,NA,3.9,b,0.4098,NA,0.0856635,NA,NA,NA
C,pulsed,PULSE1,210,1.520909091,46.3,NA,3.9,b,0.3524,NA,0.109267,NA,NA,NA
D,reference,PULSE1,210,1.102777778,47.25,NA,3.9,b,0.8181,NA,0.22345,NA,NA,NA
E,reference,PULSE1,210,1.743636364,51.8,NA,3.9,b,0.2803,NA,0.052105,NA,NA,NA
F,reference,PULSE1,210,3.863888889,49.35,NA,3.9,b,0.449,NA,0.173065,NA,NA,NA
A,pulsed,PULSE2,211,5.375555556,73,NA,3.9,b,0.589545,NA,0.171285,NA,0.0078,NA
B,pulsed,PULSE2,211,4.870555556,46.05,NA,3.9,b,0.32086,NA,0.1899,NA,0.01645,NA
C,pulsed,PULSE2,211,2.27,42,NA,3.9,b,0.383885,NA,0.31011,NA,0.00895,NA
D,reference,PULSE2,211,1.002,38.15,NA,3.9,b,0.50279,NA,0.243275,NA,0.0103,NA
E,reference,PULSE2,211,1.963888889,44.1,NA,3.9,b,0.37915,NA,0.144625,NA,0.01155,NA
F,reference,PULSE2,211,3.198947368,52.75,NA,3.9,b,0.338635,NA,0.137495,NA,0.0135,NA
A,pulsed,PULSE2,212,7.33,74.6,NA,3.9,b,0.60616,NA,0.133905,NA,NA,NA
B,pulsed,PULSE2,212,5.414705882,42.45,NA,3.9,b,0.252485,NA,0.202525,NA,NA,NA
C,pulsed,PULSE2,212,3.001538462,39.5,NA,3.9,b,0.387965,NA,0.036353,NA,NA,NA
D,reference,PULSE2,212,0.931,35.3,NA,3.9,b,0.27738,NA,0.1022965,NA,NA,NA
E,reference,PULSE2,212,1.552608696,50.05,NA,4.2,NA,0.293015,NA,0.03,b,NA,NA
F,reference,PULSE2,212,3.867857143,55.7,NA,3.9,b,0.577295,NA,0.1157465,NA,NA,NA
A,pulsed,PULSE2,213,4.498888889,70.15,NA,3.9,b,0.22989,NA,0.1144215,NA,NA,NA
B,pulsed,PULSE2,213,4.595769231,33.85,NA,3.9,b,0.28925,NA,0.13374,NA,NA,NA
C,pulsed,PULSE2,213,2.182916667,52.7,NA,3.9,b,0.270985,NA,0.230505,NA,NA,NA
D,reference,PULSE2,213,1.315333333,38.05,NA,3.9,b,0.25767,NA,0.218225,NA,NA,NA
E,reference,PULSE2,213,1.108181818,41.95,NA,3.9,b,0.072215,NA,0.0541495,NA,NA,NA
F,reference,PULSE2,213,2.537692308,43.85,NA,3.9,b,0.239455,NA,0.147245,NA,NA,NA
A,pulsed,PULSE2,214,4.396842105,NA,NA,NA,NA,NA,NA,NA,NA,NA,NA
B,pulsed,PULSE2,214,4.876111111,NA,NA,NA,NA,NA,NA,NA,NA,NA,NA
C,pulsed,PULSE2,214,4.824736842,NA,NA,NA,NA,NA,NA,NA,NA,NA,NA
D,reference,PULSE2,214,1.941724138,NA,NA,NA,NA,NA,NA,NA,NA,NA,NA
E,reference,PULSE2,214,1.3656,NA,NA,NA,NA,NA,NA,NA,NA,NA,NA
F,reference,PULSE2,214,2.9912,NA,NA,NA,NA,NA,NA,NA,NA,NA,NA
A,pulsed,PULSE2,215,3.169714286,NA,NA,NA,NA,NA,NA,NA,NA,NA,NA
B,pulsed,PULSE2,215,5.231304348,NA,NA,NA,NA,NA,NA,NA,NA,NA,NA
C,pulsed,PULSE2,215,2.992941176,NA,NA,NA,NA,NA,NA,NA,NA,NA,NA
D,reference,PULSE2,215,1.782333333,NA,NA,NA,NA,NA,NA,NA,NA,NA,NA
E,reference,PULSE2,215,4.129090909,NA,NA,NA,NA,NA,NA,NA,NA,NA,NA
F,reference,PULSE2,215,2.028275862,NA,NA,NA,NA,NA,NA,NA,NA,NA,NA
A,pulsed,PULSE2,216,4.113,68.75,NA,3.9,b,0.60458,NA,0.03,b,NA,NA
B,pulsed,PULSE2,216,8.785,51.5,NA,3.9,b,0.71762,NA,0.03,b,NA,NA
C,pulsed,PULSE2,216,2.475,57,NA,3.9,b,0.739275,NA,0.05683385,NA,NA,NA
D,reference,PULSE2,216,1.04125,45.7,NA,3.9,b,0.555405,NA,0.14487,NA,NA,NA
E,reference,PULSE2,216,1.655,49.05,NA,5.05,NA,0.521345,NA,0.060014,NA,NA,NA
F,reference,PULSE2,216,1.948181818,52.05,NA,3.9,b,0.534355,NA,0.101633,NA,NA,NA
A,pulsed,PULSE2,217,4.565882353,NA,NA,NA,NA,NA,NA,NA,NA,NA,NA
B,pulsed,PULSE2,217,7.707142857,NA,NA,NA,NA,NA,NA,NA,NA,NA,NA
C,pulsed,PULSE2,217,1.8695,NA,NA,NA,NA,NA,NA,NA,NA,NA,NA
D,reference,PULSE2,217,1.1,NA,NA,NA,NA,NA,NA,NA,NA,NA,NA
E,reference,PULSE2,217,1.499375,NA,NA,NA,NA,NA,NA,NA,NA,NA,NA
F,reference,PULSE2,217,1.850909091,NA,NA,NA,NA,NA,NA,NA,NA,NA,NA
A,pulsed,PULSE2,218,3.486,170.35,NA,3.9,b,0.410685,NA,0.25432,NA,0.0156,NA
B,pulsed,PULSE2,218,8.009210526,41.7,NA,3.9,b,0.34832,NA,0.21084,NA,0.00895,NA
C,pulsed,PULSE2,218,2.427333333,52.75,NA,3.9,b,0.276615,NA,0.23477,NA,0.02485,NA
D,reference,PULSE2,218,0.912857143,60.75,NA,3.9,b,0.38679,NA,0.171515,NA,0.01545,NA
E,reference,PULSE2,218,1.716666667,48.95,NA,4.55,NA,0.388385,NA,0.170065,NA,0.09015,NA
F,reference,PULSE2,218,1.893846154,57.15,NA,3.9,b,0.424215,NA,0.28546,NA,0.0092,NA
A,pulsed,PULSE2,219,1.396086957,NA,NA,NA,NA,NA,NA,NA,NA,NA,NA
B,pulsed,PULSE2,219,6.009375,NA,NA,NA,NA,NA,NA,NA,NA,NA,NA
C,pulsed,PULSE2,219,1.838,NA,NA,NA,NA,NA,NA,NA,NA,NA,NA
D,reference,PULSE2,219,0.933529412,NA,NA,NA,NA,NA,NA,NA,NA,NA,NA
E,reference,PULSE2,219,1.63,NA,NA,NA,NA,NA,NA,NA,NA,NA,NA
F,reference,PULSE2,219,2.30875,NA,NA,NA,NA,NA,NA,NA,NA,NA,NA
A,pulsed,PULSE2,220,5.270666667,64.8,NA,3.9,b,0.27916,NA,0.163465,NA,NA,NA
B,pulsed,PULSE2,220,7.346666667,52.15,NA,3.9,b,0.29574,NA,0.12886,NA,NA,NA
C,pulsed,PULSE2,220,3.688571429,47.65,NA,3.9,b,0.33976,NA,0.159725,NA,NA,NA
D,reference,PULSE2,220,0.945714286,45.6,NA,3.9,b,0.25812,NA,0.148175,NA,NA,NA
E,reference,PULSE2,220,1.985384615,39.95,NA,3.9,b,0.17272,NA,0.14224,NA,NA,NA
F,reference,PULSE2,220,1.849166667,50.6,NA,3.9,b,0.326935,NA,0.154895,NA,NA,NA
A,pulsed,PULSE2,221,8.130689655,NA,NA,NA,NA,NA,NA,NA,NA,NA,NA
B,pulsed,PULSE2,221,5.125,NA,NA,NA,NA,NA,NA,NA,NA,NA,NA
C,pulsed,PULSE2,221,3.915833333,NA,NA,NA,NA,NA,NA,NA,NA,NA,NA
D,reference,PULSE2,221,1.534230769,NA,NA,NA,NA,NA,NA,NA,NA,NA,NA
E,reference,PULSE2,221,1.953846154,NA,NA,NA,NA,NA,NA,NA,NA,NA,NA
F,reference,PULSE2,221,3.1846875,NA,NA,NA,NA,NA,NA,NA,NA,NA,NA
A,pulsed,PULSE2,222,1.752222222,NA,NA,NA,NA,NA,NA,NA,NA,NA,NA
B,pulsed,PULSE2,222,4.769,NA,NA,NA,NA,NA,NA,NA,NA,NA,NA
C,pulsed,PULSE2,222,2.141304348,NA,NA,NA,NA,NA,NA,NA,NA,NA,NA
D,reference,PULSE2,222,1.659230769,NA,NA,NA,NA,NA,NA,NA,NA,NA,NA
E,reference,PULSE2,222,1.909047619,NA,NA,NA,NA,NA,NA,NA,NA,NA,NA
F,reference,PULSE2,222,2.08,NA,NA,NA,NA,NA,NA,NA,NA,NA,NA
A,pulsed,PULSE2,223,6.4515625,59.1,NA,3.9,b,0.709385,NA,0.214525,NA,NA,NA
B,pulsed,PULSE2,223,7.257241379,80.95,NA,3.9,b,0.884725,NA,0.1162675,NA,NA,NA
C,pulsed,PULSE2,223,2.121785714,45.8,NA,3.9,b,0.854765,NA,0.173505,NA,NA,NA
D,reference,PULSE2,223,1.175666667,47.8,NA,3.9,b,0.78664,NA,0.147741,NA,NA,NA
E,reference,PULSE2,223,2.558387097,60.3,NA,3.9,b,0.64277,NA,0.119875,NA,NA,NA
F,reference,PULSE2,223,1.55775,43.85,NA,3.9,b,0.75843,NA,0.1,NA,NA,NA
A,pulsed,PULSE2,224,9.267,NA,NA,NA,NA,NA,NA,NA,NA,NA,NA
B,pulsed,PULSE2,224,9.506296296,NA,NA,NA,NA,NA,NA,NA,NA,NA,NA
C,pulsed,PULSE2,224,6.504285714,NA,NA,NA,NA,NA,NA,NA,NA,NA,NA
D,reference,PULSE2,224,2.488148148,NA,NA,NA,NA,NA,NA,NA,NA,NA,NA
E,reference,PULSE2,224,2.014285714,NA,NA,NA,NA,NA,NA,NA,NA,NA,NA
F,reference,PULSE2,224,1.8284,NA,NA,NA,NA,NA,NA,NA,NA,NA,NA
A,pulsed,PULSE2,225,7.5744,59,NA,3.9,b,0.289985,NA,0.243175,NA,0.02765,NA
B,pulsed,PULSE2,225,7.358333333,53.95,NA,3.9,b,0.58458,NA,0.23232,NA,0.02325,NA
C,pulsed,PULSE2,225,5.284166667,52.95,NA,3.9,b,0.34159,NA,0.124405,NA,0.0095,NA
D,reference,PULSE2,225,3.234705882,70.65,NA,3.9,b,0.542485,NA,0.077733,NA,0.0104,NA
E,reference,PULSE2,225,2.604,39.85,NA,3.9,b,0.500175,NA,0.119045,NA,0.01255,NA
F,reference,PULSE2,225,1.461785714,45.45,NA,3.9,b,0.461805,NA,0.091352,NA,0.0133,NA
A,pulsed,PULSE2,226,8.338947368,NA,NA,NA,NA,NA,NA,NA,NA,NA,NA
B,pulsed,PULSE2,226,6.704814815,NA,NA,NA,NA,NA,NA,NA,NA,NA,NA
C,pulsed,PULSE2,226,8.677931034,NA,NA,NA,NA,NA,NA,NA,NA,NA,NA
D,reference,PULSE2,226,2.536857143,NA,NA,NA,NA,NA,NA,NA,NA,NA,NA
E,reference,PULSE2,226,2.592692308,NA,NA,NA,NA,NA,NA,NA,NA,NA,NA
F,reference,PULSE2,226,1.779583333,NA,NA,NA,NA,NA,NA,NA,NA,NA,NA
A,pulsed,PULSE2,227,12.08275862,77.55,NA,3.9,b,0.485965,NA,0.244415,NA,NA,NA
B,pulsed,PULSE2,227,5.35962963,40.9,NA,3.9,b,0.469405,NA,0.251805,NA,NA,NA
C,pulsed,PULSE2,227,9.4568,41.8,NA,3.9,b,0.57929,NA,0.24848,NA,NA,NA
D,reference,PULSE2,227,2.65,46.2,NA,3.9,b,0.57321,NA,0.20152,NA,NA,NA
E,reference,PULSE2,227,1.619130435,43,NA,3.9,b,0.32863,NA,0.19685,NA,NA,NA
F,reference,PULSE2,227,1.773684211,37.05,NA,3.9,b,0.418775,NA,0.15187,NA,NA,NA
A,pulsed,PULSE2,228,12.387,NA,NA,NA,NA,NA,NA,NA,NA,NA,NA
B,pulsed,PULSE2,228,3.270666667,NA,NA,NA,NA,NA,NA,NA,NA,NA,NA
C,pulsed,PULSE2,228,3.985,NA,NA,NA,NA,NA,NA,NA,NA,NA,NA
D,reference,PULSE2,228,2.406,NA,NA,NA,NA,NA,NA,NA,NA,NA,NA
E,reference,PULSE2,228,1.776111111,NA,NA,NA,NA,NA,NA,NA,NA,NA,NA
F,reference,PULSE2,228,1.566923077,NA,NA,NA,NA,NA,NA,NA,NA,NA,NA
A,pulsed,PULSE2,229,10.00388889,NA,NA,NA,NA,NA,NA,NA,NA,NA,NA
B,pulsed,PULSE2,229,6.552380952,NA,NA,NA,NA,NA,NA,NA,NA,NA,NA
C,pulsed,PULSE2,229,8.041111111,NA,NA,NA,NA,NA,NA,NA,NA,NA,NA
D,reference,PULSE2,229,5.166470588,NA,NA,NA,NA,NA,NA,NA,NA,NA,NA
E,reference,PULSE2,229,2.70137931,NA,NA,NA,NA,NA,NA,NA,NA,NA,NA
F,reference,PULSE2,229,2.99,NA,NA,NA,NA,NA,NA,NA,NA,NA,NA
A,pulsed,PULSE2,230,8.783076923,41.85,NA,3.9,b,0.360845,NA,0.13362,NA,NA,NA
B,pulsed,PULSE2,230,3.856785714,36,NA,3.9,b,0.469455,NA,0.12402,NA,NA,NA
C,pulsed,PULSE2,230,4.70625,33.4,NA,3.9,b,0.394175,NA,0.1347555,NA,NA,NA
D,reference,PULSE2,230,2.316756757,44.35,NA,3.9,b,0.49222,NA,0.03,b,NA,NA
E,reference,PULSE2,230,2.166666667,36.4,NA,3.9,b,0.30053,NA,0.1239995,NA,NA,NA
F,reference,PULSE2,230,3.241578947,35.05,NA,3.9,b,0.337455,NA,0.070405,NA,NA,NA
A,pulsed,PULSE2,231,7.621724138,NA,NA,NA,NA,NA,NA,NA,NA,NA,NA
B,pulsed,PULSE2,231,3.10037037,NA,NA,NA,NA,NA,NA,NA,NA,NA,NA
C,pulsed,PULSE2,231,7.594925,NA,NA,NA,NA,NA,NA,NA,NA,NA,NA
D,reference,PULSE2,231,2.293684211,NA,NA,NA,NA,NA,NA,NA,NA,NA,NA
E,reference,PULSE2,231,1.662727273,NA,NA,NA,NA,NA,NA,NA,NA,NA,NA
F,reference,PULSE2,231,3.974230769,NA,NA,NA,NA,NA,NA,NA,NA,NA,NA
A,pulsed,PULSE2,232,15.61409091,39.8,NA,3.9,b,0.3475,NA,0.2578,NA,0.00685,NA
B,pulsed,PULSE2,232,19.64461538,31,NA,3.9,b,0.4367,NA,0.2216,NA,0.0064,NA
C,pulsed,PULSE2,232,10.4836,32.25,NA,3.9,b,0.5188,NA,0.2852,NA,0.0012,b
D,reference,PULSE2,232,3.75826087,42.85,NA,3.9,b,0.4009,NA,0.2794,NA,0.0012,b
E,reference,PULSE2,232,3.598928571,40.2,NA,3.9,b,0.4521,NA,0.2536,NA,1.20E-03,b
F,reference,PULSE2,232,13.200625,41.5,NA,3.9,b,0.4803,NA,0.162,NA,0.0017,NA
A,pulsed,PULSE2,233,9.058666667,NA,NA,NA,NA,NA,NA,NA,NA,NA,NA
B,pulsed,PULSE2,233,5.119615385,NA,NA,NA,NA,NA,NA,NA,NA,NA,NA
C,pulsed,PULSE2,233,7.365769231,NA,NA,NA,NA,NA,NA,NA,NA,NA,NA
D,reference,PULSE2,233,2.83375,NA,NA,NA,NA,NA,NA,NA,NA,NA,NA
E,reference,PULSE2,233,2.193913043,NA,NA,NA,NA,NA,NA,NA,NA,NA,NA
F,reference,PULSE2,233,5.332,NA,NA,NA,NA,NA,NA,NA,NA,NA,NA
A,pulsed,PULSE2,234,2.455,39.45,NA,3.9,b,0.400545,NA,0.221005,NA,NA,NA
B,pulsed,PULSE2,234,2.960869565,32.4,NA,3.9,b,0.42865,NA,0.137365,NA,NA,NA
C,pulsed,PULSE2,234,2.906,35.95,NA,3.9,b,0.484655,NA,0.149115,NA,NA,NA
D,reference,PULSE2,234,1.134210526,48.55,NA,3.9,b,0.743125,NA,0.204965,NA,NA,NA
E,reference,PULSE2,234,1.29,42.3,NA,3.9,b,0.486635,NA,0.203835,NA,NA,NA
F,reference,PULSE2,234,2.368888889,35.8,NA,3.9,b,0.363415,NA,0.140585,NA,NA,NA
A,pulsed,PULSE2,235,6.554210526,NA,NA,NA,NA,NA,NA,NA,NA,NA,NA
B,pulsed,PULSE2,235,4.878461538,NA,NA,NA,NA,NA,NA,NA,NA,NA,NA
C,pulsed,PULSE2,235,10.15578947,NA,NA,NA,NA,NA,NA,NA,NA,NA,NA
D,reference,PULSE2,235,2.73,NA,NA,NA,NA,NA,NA,NA,NA,NA,NA
E,reference,PULSE2,235,3.011176471,NA,NA,NA,NA,NA,NA,NA,NA,NA,NA
F,reference,PULSE2,235,2.62375,NA,NA,NA,NA,NA,NA,NA,NA,NA,NA
A,pulsed,PULSE2,236,4.507659574,NA,NA,NA,NA,NA,NA,NA,NA,NA,NA
B,pulsed,PULSE2,236,3.36173913,NA,NA,NA,NA,NA,NA,NA,NA,NA,NA
C,pulsed,PULSE2,236,4.323888889,NA,NA,NA,NA,NA,NA,NA,NA,NA,NA
D,reference,PULSE2,236,2.054642857,NA,NA,NA,NA,NA,NA,NA,NA,NA,NA
E,reference,PULSE2,236,2.321219512,NA,NA,NA,NA,NA,NA,NA,NA,NA,NA
F,reference,PULSE2,236,8.990869565,NA,NA,NA,NA,NA,NA,NA,NA,NA,NA
A,pulsed,PULSE2,237,6.498857143,55.65,NA,3.9,b,0.51158,NA,0.086345,NA,NA,NA
B,pulsed,PULSE2,237,3.933448276,36.1,NA,3.9,b,0.504275,NA,0.033242,NA,NA,NA
C,pulsed,PULSE2,237,5.886785714,32.75,NA,3.9,b,0.51813,NA,0.138695,NA,NA,NA
D,reference,PULSE2,237,3.631935484,50,NA,3.9,b,0.68104,NA,0.22597,NA,NA,NA
E,reference,PULSE2,237,3.162105263,37.6,NA,3.9,b,0.39145,NA,0.0921735,NA,NA,NA
F,reference,PULSE2,237,6.338333333,38.4,NA,3.9,b,0.657245,NA,0.1148885,NA,NA,NA
A,pulsed,PULSE2,238,7.622173913,NA,NA,NA,NA,NA,NA,NA,NA,NA,NA
B,pulsed,PULSE2,238,3.7384375,NA,NA,NA,NA,NA,NA,NA,NA,NA,NA
C,pulsed,PULSE2,238,3.800869565,NA,NA,NA,NA,NA,NA,NA,NA,NA,NA
D,reference,PULSE2,238,4.919310345,NA,NA,NA,NA,NA,NA,NA,NA,NA,NA
E,reference,PULSE2,238,3.080666667,NA,NA,NA,NA,NA,NA,NA,NA,NA,NA
F,reference,PULSE2,238,5.202,NA,NA,NA,NA,NA,NA,NA,NA,NA,NA
A,pulsed,PULSE2,239,8.2952,47.5,NA,3.9,b,0.51901,NA,0.1154295,NA,0.00535,NA
B,pulsed,PULSE2,239,2.688378378,27.85,NA,3.9,b,0.565085,NA,0.090522,NA,0.008,NA
C,pulsed,PULSE2,239,2.306470588,30,NA,3.9,b,0.457905,NA,0.070969,NA,0.0099,NA
D,reference,PULSE2,239,5.618095238,40.2,NA,3.9,b,0.50855,NA,0.05122615,NA,0.0043,NA
E,reference,PULSE2,239,3.37375,37.95,NA,3.9,b,0.58978,NA,0.061249,NA,0.00415,NA
F,reference,PULSE2,239,4.542142857,35,NA,3.9,b,0.643985,NA,0.0559745,NA,0.0047,NA
A,pulsed,PULSE2,240,10.86,NA,NA,NA,NA,NA,NA,NA,NA,NA,NA
B,pulsed,PULSE2,240,3.824736842,NA,NA,NA,NA,NA,NA,NA,NA,NA,NA
C,pulsed,PULSE2,240,2.5796875,NA,NA,NA,NA,NA,NA,NA,NA,NA,NA
D,reference,PULSE2,240,6.5632,NA,NA,NA,NA,NA,NA,NA,NA,NA,NA
E,reference,PULSE2,240,4.488055556,NA,NA,NA,NA,NA,NA,NA,NA,NA,NA
F,reference,PULSE2,240,4.176111111,NA,NA,NA,NA,NA,NA,NA,NA,NA,NA
A,pulsed,PULSE2,241,10.58769231,58.75,NA,3.9,b,0.67045,NA,0.070342,NA,NA,NA
B,pulsed,PULSE2,241,9.214864865,38.75,NA,3.9,b,0.60223,NA,0.046729,NA,NA,NA
C,pulsed,PULSE2,241,6.329655172,30.85,NA,3.9,b,0.74221,NA,0.06807,NA,NA,NA
D,reference,PULSE2,241,5.995862069,36.85,NA,3.9,b,0.71447,NA,0.1638,NA,NA,NA
E,reference,PULSE2,241,12.24827586,38.3,NA,3.9,b,0.645375,NA,0.155265,NA,NA,NA
F,reference,PULSE2,241,9.53,46.65,NA,3.9,b,0.84946,NA,0.0311565,NA,NA,NA
